nombres,precios,pagina
Cerveza STELLA ARTOIS botella six pack (1800 ml),"$ 20.640

Otros",0
Cerveza CORONA botella lager six pack (1980 ml),$ 27.000,0
Cerveza CLUB COLOMBIA lata dorada (1980 ml),$ 17.760,0
Cerveza LATA 6 UND BUDWEISER 1614 ml,"$ 14.400

Otros",0
Cerveza POKER lata (3630 ml),$ 30.900,0
Cerveza SIXPACK CORONITA CORONA 1260 ml,$ 21.300,0
Cerveza Light Sixpack AGUILA LIGHT 1980 ml,$ 19.360,0
Cerveza STELLA ARTOIS lata (1614 ml),"$ 22.800

Otros",0
Cerveza COSTENA lata six pack (1860 ml),$ 10.690,0
Cerveza X 6 LATA ROJA CLUB COLOMBIA 1980 ml,$ 17.760,0
Cerveza MICHELOB ULTRA sixpack (1980 ml),"$ 18.900

Otros",0
Cerveza MODELO botella especial six pack (2130 ml),"$ 27.000

Otros",0
Cerveza CORONA sin alcohol six pack (1980 ml),$ 20.080,0
Cerveza CLUB COLOMBIA trigo six pack (1980 ml),$ 18.720,0
Cerveza HEINEKEN lata lager six pack (1860 ml),"$ 22.300

Otros",0
Cerveza NEGRA MODELO Negra (2130 ml),"$ 27.225

Otros",0
Cerveza CORONA cero alcohol (1614 ml),$ 14.400,1
Cerveza MICHELOB ULTRA six pack (1614 ml),"$ 13.320

Otros",1
Cerveza HEINEKEN lata six pack (1614 ml),"$ 17.400

Otros",1
Cerveza SOL lager (6 UNIDAD),"$ 14.100

Otros",1
Cerveza AGUILA lata cero libre de alcohol six pack (1980 ml),$ 8.720,1
Cerveza artesanal BOGOTA BEER COMPANY lata Cajicá miel (1076 ml),"$ 10.875

Otros",1
Cerveza LA CENTRAL lata six pack (1980 ml),"$ 10.350

Otros",1
Cerveza artesanal BOGOTA BEER COMPANY botella Cajicá miel (1320 ml),"$ 13.650

Otros",1
Cerveza 3CORDILLERAS kit artesanal + 1 vaso (1 und),"$ 30.800

Otros",1
Cerveza HEINEKEN botella six pack (1500 ml),"$ 20.500

Otros",1
Cerveza BUDWEISER lata (6456 ml),"$ 72.900

Otros",1
Cerveza 3CORDILLERAS black coupage (4800 ml),"$ 21.150

Otros",1
Cerveza AGUILA 12 latas (3630 ml),$ 36.300,1
Cerveza CLUB COLOMBIA botella dorada six pack (1980 ml),$ 27.700,1
Cerveza artesanal 3CORDILLERAS lata rosé six pack (1614 ml),"$ 23.200

Otros",1
Cerveza 3CORDILLERAS negra x4 uds (1200 ml),"$ 22.750

Otros",1
Cerveza HEINEKEN botella six pack (1980 ml),"$ 25.750

Otros",2
Cerveza artesanal 3CORDILLERAS botella rosé six pack (1800 ml),$ 28.800,2
Cerveza HEINEKEN lata lager six pack (2838 ml),$ 28.300,2
Cerveza MODELO botella especial (355 ml),"$ 6.520

Otros",2
Cerveza AGUILA LIGHT lata (473 ml),$ 4.900,2
Cerveza CORONA lata extra six pack (1614 ml),$ 19.200,2
Cerveza artesanal BOGOTA BEER COMPANY lata rosé (1076 ml),"$ 13.350

Otros",2
Cerveza CUSQUEÑA dorada six pack (1980 ml),"$ 23.520

Otros",2
Cerveza PAULANER hefeweissbier naturtrueb (500 ml),"$ 15.075

Otros",2
Cerveza NEGRA MODELO Negra (355 ml),"$ 6.100

Otros",2
Cerveza HEINEKEN botella libre de alcohol six pack (1500 ml),"$ 19.800

Otros",2
Cerveza POLA DEL PUB american pale ale (473 ml),"$ 9.945

Otros",2
Cerveza SOL lata six pack (1860 ml),"$ 15.300

Otros",2
Cerveza CORONA botella lager (210 ml),$ 3.800,2
Cerveza 3CORDILLERAS mulata x 4 uds (4800 ml),"$ 21.400

Otros",2
Cerveza MILLER lata americana six pack (1860 ml),"$ 14.700

Otros",2
Cerveza ERDINGER lata weissbier (500 ml),$ 12.840,3
Cerveza POKER lata (473 ml),$ 4.600,3
Cerveza artesanal BOGOTA BEER COMPANY botella rosé (1320 ml),$ 17.925,3
Cerveza WEIDMANN lata (500 ml),$ 14.500,3
Cerveza ERDINGER dunkel (500 ml),$ 16.150,3
Cerveza REDDS rosé six pack (1614 ml),$ 22.500,3
Cerveza Lata Sixpack AGUILA 1980 ml,$ 22.200,3
Cerveza CUSQUEÑA trigo six pack (1980 ml),$ 24.640,3
Cerveza ERDINGER botella rubia (500 ml),$ 14.560,3
Cerveza REDDS lata six pack (1614 ml),$ 18.000,3
Cerveza MAHOU cinco estrellas (1980 ml),$ 30.300,3
Cerveza POLA DEL PUB indian pale ale (473 ml),$ 14.535,3
Cerveza artesanal BOGOTA BEER COMPANY botella lager six pack (1980 ml),$ 18.900,3
Cerveza DUVEL botella (330 ml),$ 20.100,3
Lata CERVEZA COSTEÑA BACANA nacional six pack (1614 ml),$ 16.200,3
Cerveza ANDINA lata dorada six pack (1614 ml),$ 14.050,3
Cerveza BITBURGER lata (500 ml),"$ 7.875

Otros",4
Cerveza Mitica BNR300 X6 Ligera Mítica Ligera Botella 300ml Unidad (1800 ml),"$ 22.000

Otros",4
Cerveza KUNSTMANN Cerveza Session IPA (330 ml),"$ 10.300

Otros",4
Cerveza AGUILA lata original six pack (1614 ml),$ 16.800,4
Cerveza DUFF Sixpack Lata (1980 ml),"$ 35.100

Otros",4
Cerveza AGUILA lata (473 ml),$ 4.900,4
Cerveza KUNSTMANN Gran Torobayo (500 ml),"$ 15.800

Otros",4
Cerveza CORONA lata extra (269 ml),$ 3.810,4
Cerveza sixpack lata PILSEN 1980 ml,$ 25.100,4
Cerveza AGUILA LIGHT lata sabor sin igual six pack (1614 ml),$ 15.800,4
Cerveza ESTRELLA GALICIA lata especial (500 ml),"$ 12.700

Otros",4
Cerveza DELIRIUM red (330 ml),"$ 28.500

Otros",4
Cerveza Mitica BNR300 X6 Original Mítica Original Botella 300ml Sixpack (1800 ml),"$ 22.000

Otros",4
Cerveza CLUB COLOMBIA lata negra (330 ml),$ 3.900,4
Cerveza PAULANER cerv hefeweissbier dunkel (500 ml),"$ 15.075

Otros",4
Cerveza LIEFMANS saborizada (250 ml),"$ 14.700

Otros",4
Cerveza CZECHVAR botella (300 ml),"$ 10.600

Otros",5
Cerveza CLUB COLOMBIA lata dorada (330 ml),$ 3.800,5
Cerveza CORONA lata extra six pack (2838 ml),$ 27.000,5
Cerveza CLUB COLOMBIA latón dorada six pack (2838 ml),$ 31.900,5
Cerveza ANDINA lata dorada six pack (1860 ml),$ 17.300,5
Cerveza MAREDSOUS botella cerv triple (330 ml),"$ 20.100

Otros",5
Cerveza IRON MAIDENS TROOPER lata (500 ml),"$ 17.900

Otros",5
Cerveza 3CORDILLERAS mestiza (300 ml),"$ 5.660

Otros",5
Cerveza 1906 irish red ale (330 ml),"$ 13.400

Otros",5
Cerveza COSTENA lata (310 ml),$ 2.100,5
Cerveza ESTRELLA GALICIA botella especial (330 ml),"$ 10.600

Otros",5
Cerveza Innis & Gunn original (330 ml),"$ 18.400

Otros",5
Cerveza STELLA ARTOIS lata (269 ml),"$ 3.800

Otros",5
Cerveza PAULANER alcohol (500 ml),"$ 13.200

Otros",5
Lata CERVEZA ANDINA LIGHT nacional six pack (1614 ml),"$ 15.100

Otros",5
Cerveza CHOUFFE blonde (330 ml),"$ 20.800

Otros",5
Cerveza ADNAMS SOUTHWOLD Ghost Ship (500 ml),"$ 20.060

Otros",6
Cerveza SCHOFFERHOFER weizen (500 ml),"$ 13.430

Otros",6
Cerveza ERDINGER sin alcohol (500 ml),"$ 16.300

Otros",6
Cerveza FLENSBURGER pilsener botella (330 ml),"$ 15.600

Otros",6
Cerveza FLENSBURGER weizen botella (330 ml),"$ 15.400

Otros",6
Cerveza CORONA cero alcohol (269 ml),$ 3.100,6
Cerveza HEINEKEN lata cero alcohol (250 ml),"$ 3.400

Otros",6
Cerveza CLUB COLOMBIA trigo (330 ml),$ 4.020,6
Cerveza ERDINGER pikantus (500 ml),"$ 17.280

Otros",6
Cerveza STEAM BREW imperial stout (500 ml),"$ 15.500

Otros",6
Cerveza DUVEL botella (750 ml),"$ 41.800

Otros",6
Cerveza BUDWEISER lata (269 ml),"$ 3.200

Otros",6
Cerveza ESTRELLA GALICIA lata especial (330 ml),"$ 9.400

Otros",6
Cerveza POKER six pack (2838 ml),$ 31.200,6
Cerveza artesanal BILROST botella (330 ml),"$ 14.000

Otros",6
Cerveza HOFBRAU muncher weisse (500 ml),"$ 18.300

Otros",6
Cerveza PAULANER libre de alcohol (500 ml),"$ 11.700

Otros",7
Cerveza Innis & Gunn caribeño botella (330 ml),"$ 17.700

Otros",7
Cerveza ADNAMS SOUTHWOLD Cerveza IPA Botella (330 ml),"$ 17.212

Otros",7
Cerveza artesanal BOGOTA BEER COMPANY lata Cajicá miel (269 ml),"$ 3.800

Otros",7
Cerveza Sixpack Lata POKER 1980 ml,$ 20.550,7
Cerveza SCHOFFERHOFER weizen (500 ml),"$ 16.065

Otros",7
Cerveza KUNSTMANN Miel (330 ml),"$ 10.300

Otros",7
Cerveza CORONA sin alcohol (330 ml),$ 4.500,7
Cerveza ESTRELLA DAMM MARCA EXCLUSIVA de malta y arroz (330 ml),"$ 5.100

Otros",7
Cerveza SAPPORO premium (355 ml),"$ 16.950

Otros",7
Cerveza DELIRIUM tremens (330 ml),"$ 29.600

Otros",7
Cerveza STEAM BREW session (500 ml),"$ 18.000

Otros",7
Cerveza Mitica BNR300 Unid Original Mítica Original Botella 300ml Unidad (300 ml),"$ 3.600

Otros",7
Cerveza artesanal POLA DEL PUB rubia origina (1320 ml),"$ 28.985

Otros",7
Cerveza COSTENA lata (330 ml),$ 1.780,7
Cerveza SOL botella (330 ml),"$ 3.525

Otros",7
Cerveza PAULANER lata hefewweissbier naturtrueb (500 ml),"$ 18.300

Otros",8
Cerveza HEINEKEN lata lager (473 ml),"$ 4.800

Otros",8
Cerveza MICHELOB ULTRA botella (330 ml),"$ 3.600

Otros",8
Cerveza AGUILA lata cero libre de alcohol (330 ml),$ 1.810,8
Cerveza Mitica L310 Unid Original Mítica Original Lata310ml Unidad (310 ml),"$ 3.600

Otros",8
Cerveza ERDINGER urweisse (500 ml),"$ 18.300

Otros",8
Cerveza POLA DEL PUB stout coffee milk (473 ml),"$ 15.045

Otros",8
Cerveza ERDINGER botella negra (500 ml),"$ 15.920

Otros",8
Cerveza DELIRIUM argentum (330 ml),"$ 29.600

Otros",8
Cerveza AGUILA lata original (269 ml),$ 2.800,8
Cerveza VEDETT extra white (330 ml),"$ 17.100

Otros",8
Cerveza POLA DEL PUB witbier trigo (473 ml),"$ 9.945

Otros",8
Cerveza ADNAMS SOUTHWOLD Kobold (500 ml),"$ 23.200

Otros",8
Cerveza Mitica L310 X6 Original Mítica Original Lata310ml Sixpack (1860 ml),"$ 22.000

Otros",8
Cerveza artesanal POLA DEL PUB american pale (1320 ml),"$ 28.985

Otros",8
Cerveza ESTRELLA GALICIA libre de alcohol (330 ml),"$ 9.400

Otros",8
Cerveza VEDETT extra ordinary (330 ml),"$ 17.900

Otros",9
Cerveza MICHELOB ULTRA internacional (269 ml),"$ 2.930

Otros",9
Cerveza STEAM BREW imperial (500 ml),"$ 18.000

Otros",9
Cerveza Sixpack CERVEZA COSTEÑA BACANA 1980 ml,$ 16.320,9
Cerveza POLA DEL PUB rubia original (473 ml),"$ 9.945

Otros",9
Cerveza GOLDEN LION sidra (330 ml),"$ 10.800

Otros",9
Cerveza SOL botella six pack (1980 ml),"$ 19.875

Otros",9
Cerveza artesanal 3CORDILLERAS lata rosé (269 ml),"$ 4.010

Otros",9
Cerveza STELLA ARTOIS botella (300 ml),"$ 4.800

Otros",9
Cerveza 3CORDILLERAS mulata (300 ml),"$ 5.660

Otros",9
Cerveza 1906 red vintage (330 ml),"$ 12.000

Otros",9
Cerveza HEINEKEN lata lager (310 ml),"$ 3.900

Otros",9
Cerveza artesanal BOGOTA BEER COMPANY botella Cajicá miel (330 ml),"$ 4.600

Otros",9
Cerveza DELIRIUM nocturnum (330 ml),"$ 29.600

Otros",9
Cerveza STRAFFE HENDRIK Tripel (330 ml),"$ 24.800

Otros",9
Cerveza brugse Zot rubia (330 ml),"$ 22.200

Otros",9
Cerveza IRON MAIDENS TROOPER botella (500 ml),"$ 21.400

Otros",10
Cerveza brugse Zot Roja (330 ml),"$ 21.200

Otros",10
Cerveza artesanal POLA DEL PUB tipo indian (1320 ml),"$ 40.800

Otros",10
Cerveza artesanal 3CORDILLERAS rosada (300 ml),$ 4.800,10
Cerveza SCHOFFERHOFER Cerveza (500 ml),"$ 18.050

Otros",10
Cerveza artesanal BOGOTA BEER COMPANY botella rosé (330 ml),"$ 6.000

Otros",10
Cerveza SCHOFFERHOFER Cerveza (330 ml),"$ 12.000

Otros",10
Cerveza CLUB COLOMBIA botella dorada (330 ml),$ 4.700,10
Cerveza HEINEKEN lata (269 ml),"$ 3.500

Otros",10
Cerveza Benediktiner Botella (500 ml),"$ 18.800

Otros",10
Cerveza 3CORDILLERAS Mona Tipo Blonde (1200 ml),"$ 19.550

Otros",10
Cerveza DAB export botella (330 ml),"$ 7.000

Otros",10
Cerveza 1906 black coupage (330 ml),"$ 12.700

Otros",10
cerveza MOONSHINE ZIPAIPA (330 ml),"$ 10.795

Otros",10
Cerveza DUFF Unidad Lata (330 ml),"$ 5.900

Otros",10
Cerveza SINGHA lager (330 ml),"$ 10.000

Otros",10
Cerveza MAHOU cinco estrellas (330 ml),"$ 5.055

Otros",11
Cerveza AGUILA LIGHT lata sabor sin igual (269 ml),$ 2.700,11
Lata CERVEZA COSTEÑA BACANA nacional (269 ml),$ 2.700,11
Cerveza HEINEKEN botella (330 ml),"$ 4.530

Otros",11
Cerveza artesanal BOGOTA BEER COMPANY lata rosé (269 ml),"$ 4.600

Otros",11
Cerveza CLUB COLOMBIA lata roja (330 ml),$ 3.700,11
Cerveza Mitica BNR300 Unid Ligera Mítica Ligera Botella 300ml Sixpack (300 ml),"$ 3.600

Otros",11
Cerveza REDDS lata (269 ml),"$ 3.800

Otros",11
Cerveza DELIRIUM gulden draak (330 ml),"$ 25.670

Otros",11
Cerveza HOFBRAU CERVEZA DUNKEL OSCURA HB (500 ml),"$ 18.300

Otros",11
Cerveza POKER lata (330 ml),$ 3.590,11
Cerveza PILSEN Lata (330 ml),$ 3.900,11
Cerveza AGUILA LIGHT lata sabor sin igual (330 ml),$ 4.100,11
Cerveza AGUILA lata (330 ml),$ 3.700,11
Cerveza Dorada Blanche LA RANA DORADA Cerveza Dorada Blanche (473 ml),"$ 11.000

Otros",11
Cerveza Cerveza GLU Gluten Free Blond Ale (330 ml),"$ 11.950

Otros",11
Cerveza CERVEZA ANDINA LIGHT lata light (3410 ml),"$ 33.900

Otros",12
Cerveza ANDINA vegana lata dorada (3410 ml),$ 34.800,12
Cerveza CORONA lata extra (473 ml),$ 5.620,12
Cerveza REDDS rosé (269 ml),"$ 3.820

Otros",12
Cerveza SCHOFFERHOFER grapefruit (330 ml),"$ 9.605

Otros",12
Cerveza ANDINA dorada lata x24und 310ml (7440 ml),$ 69.200,12
Cerveza CERVEZA ANDINA LIGHT lata x24und 310ml (7440 ml),"$ 67.700

Otros",12
Cerveza CUSQUEÑA lata (330 ml),"$ 5.200

Otros",12
Cerveza CLUB COLOMBIA latón dorada (473 ml),$ 5.400,12
Lata CERVEZA ANDINA LIGHT nacional (310 ml),"$ 3.340

Otros",12
Lata CERVEZA ANDINA LIGHT nacional six pack (1860 ml),"$ 14.880

Otros",12
Cerveza ANDINA dorada (310 ml),$ 3.200,12
Cerveza SOL lata (310 ml),"$ 2.700

Otros",12
Cerveza MILLER lata americana pilsener (310 ml),"$ 3.500

Otros",12
Cerveza AGUILA LIGHT six pack (2838 ml),$ 32.800,12
Cerveza CORONA botella extra (330 ml),$ 4.800,12
Cerveza CERVEZA ANDINA LIGHT light (250 ml),"$ 2.400

Otros",13
Cerveza DELIRIUM tremens (750 ml),"$ 72.400

Otros",13
Cerveza STEAM BREW german red (500 ml),"$ 17.600

Otros",13
Cerveza AGUILA six pack (2838 ml),$ 32.800,13
Cerveza Lager GERMANIA Lata (330 ml),"$ 7.200

Otros",13
Cerveza Salaz and The Weird Brew IPA LATA (355 ml),"$ 15.800

Otros",13
Cerveza ANDINA lata dorada (269 ml),$ 2.510,13
Lata CERVEZA ANDINA LIGHT nacional (269 ml),"$ 2.600

Otros",13
Cerveza STELLA ARTOIS botella (330 ml),"$ 5.300

Otros",13
Cerveza CERVEZA COSTEÑA BACANA lata (330 ml),$ 3.200,13
Cerveza CLUB COLOMBIA lata negra (1980 ml),$ 22.200,13
Cerveza SINGHA lager (330 ml),"$ 11.000

Otros",13
Cerveza KUNSTMANN Cerveza Torobayo (330 ml),"$ 10.300

Otros",13
Cerveza BITBURGER (500 ml),"$ 13.100

Otros",13
Cerveza BITBURGER CERVEZA DRIVE SIXPACK (1980 ml),"$ 56.100

Otros",13
Cerveza BITBURGER premium (3000 ml),"$ 159.000

Otros",13
Refajo COLA Y POLA lata six pack (1980 ml),$ 13.260,14
TOMATE CHERRY ROSE 500 gr,$ 16.060,14
Vino rosado PINO PINO MARCA EXCLUSIVA pinot noir rose frizzante (750 ml),"$ 23.800

Otros",14
Vino espumoso JP CHENET ice edition Blend (750 ml),"$ 52.575

Otros",14
Refajo ANDINA mezcla gaseosa cola six pack (1860 ml),$ 8.250,14
Refajo COLA Y POLA con kola roman x6und (1980 ml),$ 12.920,14
Aperitivo JP CHENET lata fizzy rosé (1000 ml),$ 47.800,14
Vino espumoso FRONTERA rosé Syrah (750 ml),"$ 35.925

Otros",14
Vino espumoso JP CHENET dry (200 ml),"$ 25.000

Otros",14
Refajo ANDINA manzana six pack (1860 ml),$ 9.675,14
Vino espumoso JP CHENET rosé dry (750 ml),"$ 65.900

Otros",14
Vino espumoso BARON DE VALLS rosé ice Bobal (750 ml),"$ 36.680

Otros",14
Aperitivo JP CHENET lata fizzy rose (250 ml),$ 12.000,14
Vino rosado LAS MORAS syrah Syrah Rosé (750 ml),"$ 67.400

Otros",14
Vino rosado MORANDE chileno visionario rosé Chardonnay (750 ml),"$ 36.975

Otros",14
Refajo ANDINA lata (310 ml),$ 2.150,14
Refajo ANDINA lata manzana (310 ml),$ 2.150,15
Vino rosado GAVIOTA rose chill Varietal (750 ml),"$ 18.500

Otros",15
Refajo ANDINA refrescante (1500 ml),$ 3.712,15
Refajo COLA Y POLA Rojo Unidad (330 ml),$ 2.600,15
Vinera Termoeléctrica One Door 8 Bot. ELECTROLUX EWW083XSLB,"$ 399.453

Otros",15
Vino espumoso MOELIA espumoso rosé Cabernet Franc (750 ml),"$ 71.000

Otros",15
Exfoliante PERSONAL CHOICE MARCA EXCLUSIV almond rose (296 ml),$ 8.900,15
Vino rosado CARLO ROSSI rose (750 ml),"$ 30.225

Otros",15
Vino rosado SUTTER HOME rose white zinfand fourpa Zinfandel (748 ml),"$ 88.300

Otros",15
Agua Micelar NIVEA Rose Care (400 ml),$ 25.095,15
Vino rose ESTANCIA MENDOZA malbec (750 ml),"$ 36.600

Otros",15
Refajo COLA Y POLA lata (330 ml),$ 2.600,15
Cava De Vinos Electrolux Eww083xslb 8 Botellas,$ 667.000,15
Apple Watch Serie 11 42Mm S/M Rose Gold,$ 1.655.900,15
Champaña MOET CHANDON rosé (750 ml),"$ 605.500

Otros",15
Vino rosado UNDURRAGA brut espumoso rose (750 ml),"$ 99.260

Otros",16
Vino espumoso SANTA MARGHERITA rosé Chardonnay (750 ml),"$ 179.600

Otros",16
Vino rosado TARAPACA varietal rose (750 ml),"$ 68.300

Otros",16
The Ordinary Aceite De Semilla De Rosa Mosqueta 100% Orgánico,$ 89.989,16
Vino rosado MIONETTO prosecco (750 ml),"$ 105.500

Otros",16
Vino espumoso PARIS NUIT ice rosé Otra Cepa (750 ml),"$ 76.700

Otros",16
Vino espumoso SAINT LOUIS rosé (750 ml),"$ 38.550

Otros",16
Aperitivo LIT lata no vínico rosé (1076 ml),"$ 39.900

Otros",16
Tomate Cherry Rose Granel,$ 26.640,16
Loción corporal AROMASENSE rose (230 ml),$ 36.700,16
Salsa BBQ LA CONSTANCIA sabor a cerveza (190 gr),$ 6.000,16
Perfume Carolina Herrera 212 Vip Rose 80Ml Para Mujer,$ 107.206,16
Nevera para vinos 8 botellas GENERAL ELECTRIC GW8XDBB,$ 1.000.900,16
Pantalonfemenin Pantalon Tv POP ROSE 89273,$ 89.990,16
Camiset Amanga Corta Amplia POP ROSE,$ 54.990,16
Camiset Amanga Corta Amplia POP ROSE,$ 54.990,17
Camiseta Camiseta Ms Sc. POP ROSE 89200,$ 54.990,17
Camiseta Camiseta Ms Sc. POP ROSE 89200,$ 54.990,17
Vaso De Cerveza AMBIENTE GOURMET 3531,$ 79.950,17
Mouse Inalámbrico Logitech M170 Rose 2.4Ghz,$ 48.900,17
Adorno de cabeza Botella de cerveza CW TOYS YG202G,$ 6.000,17
Mug Cerveza World Cup FIFA SBMF26BK01,$ 26.097,17
Set x 2 Copa Cerveza Monaco BORGONOVO 11999345,$ 37.990,17
Exfoliante TREE HUT MARCA EXCLUSIVA moroccan rose (510 gr),$ 66.100,17
Jean Telas Varias Flare (campana) POP ROSE,$ 129.990,17
Camiseta Manga Sisa Crop top POP ROSE,$ 29.990,18
Camiseta Manga Sisa Crop top POP ROSE,$ 29.990,18
Camiseta Manga Corta Ajustada POP ROSE,$ 49.990,18
Camiseta Manga Corta Ajustada POP ROSE,$ 49.990,18
Vestido POP ROSE,$ 89.990,18
Vestido POP ROSE,$ 89.990,18
Conjunto POP ROSE,$ 99.990,18
Conjunto POP ROSE,$ 99.990,18
Pantalon Telas Varias Amplia POP ROSE,$ 79.990,18
Falda Corta Telas Var Amplia POP ROSE,$ 49.990,18
Falda Corta Telas Var Amplia POP ROSE,$ 49.990,18
Body Manga Sisa Ajustada POP ROSE,$ 59.990,18
Body Manga Sisa Ajustada POP ROSE,$ 59.990,18
Blusa Manga Sisa Crop top POP ROSE,$ 49.990,18
Blusa Manga Sisa Crop top POP ROSE,$ 49.990,18
Labial MAYBELLINE Rose Bite (2.8 gr),$ 68.700,18
Esmalte gel VOGUE Rose (14 ml),$ 11.900,19
Bebida carbonatada Bali Bliss Savor the Flavor sparkling rose lemonade x6und (1242 ml),$ 53.100,19
Bebida carbonatada Bali Bliss Savor the Flavor sparkling rose lemonade (207 ml),$ 9.100,19
Rubor MAX FACTOR blush radiant rose (15 ml),$ 56.625,19
Camiseta Camiseta Ml Sc POP ROSE 89203,$ 39.990,19
Labial LOREAL PARIS Matte: Rose Heat (5 ml),$ 66.400,19
Vino rosado ROSE PISCINE sleeve Otra Cepa (750 ml),"$ 81.700

Otros",19
Camiseta Rose SAMSARA SAM.73ROS,$ 68.900,19
Setx2Vaso Doble Pared Cerveza AMBIENTE GOURMET 24252,$ 79.950,19
Jean POP ROSE,$ 79.990,19
Short POP ROSE,$ 79.990,19
Camiseta POP ROSE,$ 34.990,19
Camiseta POP ROSE,$ 34.990,19
Vino rosado MOUTON CADET cadet le rose organic Merlot (750 ml),"$ 171.000

Otros",19
Vino espumoso PARIS NUIT ice rosé Pinot Noir (750 ml),"$ 69.500

Otros",19
Vino espumoso PARIS NUIT rosé Pinot Noir (750 ml),"$ 66.500

Otros",19
Aperitivo LIT lata no vínico rosé (269 ml),"$ 10.600

Otros",20
Camiseta Rose SAMSARA SAM.73ROS,$ 68.900,20
Champaña VEUVE CLICQUOT rosé Pinot Gri (750 ml),"$ 466.950

Otros",20
Vino espumoso CC Cantine di Carpi rosé (750 ml),"$ 61.275

Otros",20
Vino espumoso TAITTINGER prestige rose (750 ml),"$ 645.075

Otros",20
Refajo COLA Y POLA botella pet (1500 ml),$ 6.020,20
Combo Batidora Artisan 4.7 L Dried Rose + Regalo batidor de borde flexible,$ 1.419.900,20
Combo Batidora Artisan 4.7 Lts Dried Rose y Tazón Helados,$ 1.639.900,20
Batidora Artisan 4.7 L Dried Rose,$ 1.419.900,20
VASO LARGO CERVEZA EN ACRILICO AMBIENTE GOURMET 10535,$ 49.950,20
Rizador Para El Cabello Mertec 5 En 1 Velvet Rose,$ 139.900,20
Perfume Maison Alhambra Rose Petals 80Ml,$ 559.900,20
Perfume Maison Alhambra Infini Rose,$ 349.900,20
Perfume Carolina Herrera 212 Vip Rose I Love Ny Para Mujer De 80Ml,$ 264.947,21
Brillo Labial Kaba Makeup Rose Velvet,$ 29.999,21
Tratamiento Capilar Cerveza,$ 30.000,21
Lehit Shampoo Sin Sal Cerveza,$ 24.000,21
Perfume Paris Hilton Rose Rush 3.4Oz,$ 166.925,21
Perfume Giorgio Armani Si Rose Signature 3.4 Edp L,$ 799.900,21
Cerezas AZIENDA en almíbar frasco (150 gr),$ 7.800,22
Cerezas FRESCAMPO maraschino (140 gr),$ 8.250,22
Cerezas FRESCAMPO maraschino (75 gr),$ 4.870,22
CEREZA AZIENDA CEREZA (300 gr),$ 18.650,22
Cerezas FRESCAMPO maraschino (290 gr),$ 22.000,22
Cerezas AL FRESCO marraschino (280 gr),$ 23.200,22
Cerezas LA CORUNA maraschino (140 gr),$ 17.300,22
Cerezas AL FRESCO maraschino (70 gr),$ 6.900,22
Cerezas AZIENDA en almíbar frasco (75 gr),$ 6.000,22
Cerezas HERO en confitura (350 gr),$ 29.665,22
Gelatina TAEQ sabor a cereza (11 gr),$ 1.900,22
"Pan Tipo Buffet Brioche PERMAN Corteza brillante,sabor mantequilla (370 gr)",$ 7.700,22
Gelatina DIETY sabor a cereza (13 gr),$ 4.200,23
Gelatina ALQUERIA sabor cereza x4und (360 gr),$ 6.450,23
Jabón líquido para cuerpo PALMOLIVE naturals cereza y coco (390 ml),$ 24.500,23
Suero PEDIALYTE cereza 30mEq sin azúcar (500 ml),$ 10.900,23
Suero MAXLIT hidratante con zinc sabor a cereza (625 ml),$ 4.350,23
Mermelada SMUCKERS MARCA EXCLUSIVA de cereza (340 gr),$ 28.400,23
Salchichon Cervec COLANTA 1000 gr,$ 25.900,23
Tabletas masticables VITAMINA C MK cereza (12 und),$ 23.300,23
Gelatina DIETY stevia sabor a cereza (10.5 gr),$ 4.500,23
Té HATSU sabor a flor de cerezo (450 ml),$ 5.130,23
Salchicha KOLLER cervelat,$ 22.125,23
Gelatina ALQUERIA sabor cereza (90 gr),$ 2.000,23
"TRAVAD COLONPEG POL SOL 1,43/0,37/2,8/1 ORAL CEREZA CAJA 4 S",$ 76.415,23
GEL PLAY CEREZAS DUREX 21065,$ 32.300,23
Alimento lácteo ALPINA sabor cereza (140 gr),$ 5.300,23
Paleta POLET CEREZA (85 gr),$ 8.200,23
Antiséptico bucofaríngeo NORAVER garganta spray cereza (120 ml),$ 56.300,24
Gel de baño LEMAITRE cereza (250 ml),$ 47.300,24
Emulsión SCOTT multivitamínico sabor cereza (360 ml),$ 28.700,24
LEVADURA DE CERVERZA FUNAT Con vitaminas (100 und),$ 25.800,24
Protector labial NIVEA fruity shine cereza (4.7 gr),$ 16.800,24
Bebida hidratante TAO sandía cereza con electrolitos (600 ml),"$ 4.095

Otros",24
Gelatina BOGGY premio cereza (108 gr),$ 4.000,24
Mueble Para Tv 75 Pulgadas En Mpd 200Cm Incluye Soporte Cerezo Con Blanco,$ 817.900,24
Protector Labial Nivea Cereza Fruity Shine Fps 15 Est 1 Bar 5 G,$ 19.040,24
Milpax Sus Cereza Oral Cereza Fra 360 Ml,$ 84.720,24
Cuadro De Arte Diamantiny Bosque Cerezos TOY LOGIC,$ 39.900,24
Antigás FINIGAX masticable cereza tabletas x20und (20 und),$ 37.300,24
Bombones de chocolate EXCELCIUM rellenos de cereza (165 gr),$ 43.265,25
Vino tinto MANISCHEWITZ cereza (750 ml),"$ 112.500

Otros",25
Trufas EMILITA estuche chocolate cereza (32 gr),$ 20.600,25
Alimento lácteo ALPINA sabor cereza x3und (420 gr),$ 15.300,25
PANTY CACHETERO FIDELINA CEREZA CH,$ 24.900,25
PANTY TANGA MEDIA FIDELINA CEREZA TM,$ 24.900,25
Protector labial CHAPSTICK cereza (4 gr),$ 17.700,25
Masmelos TRULULU Relleno Sabor Lulo Cereza (54 gr),$ 3.700,25
Rama decorativa cerezo FINLANDEK 1405703105,$ 13.990,25
Helado MOCHI MOCHI de leche yogurt con cerezas (210 gr),$ 40.900,25
Paletas POPSY yogurt cereza italiana (400 gr),$ 39.500,25
Gomitas GRISSLY sabor a cereza y fresas (70 gr),$ 3.500,25
Tinte para cabello PALETTE color creme chocolate cereza (1 und),$ 32.800,25
Coctel MEH alcohólica cereza negra (295 ml),"$ 11.500

Otros",25
Tabletas NORAVER garganta cereza (12 und),$ 21.150,25
Emulsión SCOTT multivitamínico sabor cereza (180 ml),$ 13.950,25
Perfume Afnan Rare Carbon Edp 100Ml Sp,$ 449.900,26
Protector Labial Chapstick Cereza Est 1 Bar 4 G,$ 19.500,26
Pepred Plus Prednisolona 3Mg Sol Oral Cereza Caj 1 Fra 60 Ml,$ 82.365,27
Multivitaminico Vitacerebrina Cereza Con Hierro Calcio Y Caj 1 Fra 180 Ml,$ 62.900,27
